seed,bias,lucky_opportunity,misfortune
42,0,7950,7945
42,0.0001,7955,7945
42,0.001,7990,7945
43,0,8112,7946
43,0.0001,8113,7946
43,0.001,8156,7946
44,0,8093,8050
44,0.0001,8098,8050
44,0.001,8127,8050
45,0,7975,7953
45,0.0001,7980,7953
45,0.001,8012,7953
46,0,8036,8057
46,0.0001,8042,8057
46,0.001,8079,8057
47,0,7983,8069
47,0.0001,7990,8069
47,0.001,8026,8069
48,0,8031,7952
48,0.0001,8034,7952
48,0.001,8072,7952
49,0,8178,7940
49,0.0001,8183,7940
49,0.001,8215,7940
50,0,8028,8077
50,0.0001,8035,8077
50,0.001,8074,8077
51,0,8081,8029
51,0.0001,8082,8029
51,0.001,8122,8029
52,0,8102,7972
52,0.0001,8103,7972
52,0.001,8152,7972
53,0,8088,7944
53,0.0001,8092,7944
53,0.001,8128,7944
54,0,7907,8104
54,0.0001,7912,8104
54,0.001,7949,8104
55,0,8118,7894
55,0.0001,8123,7894
55,0.001,8159,7894
56,0,8042,8163
56,0.0001,8047,8163
56,0.001,8093,8163
57,0,8119,8064
57,0.0001,8124,8064
57,0.001,8165,8064
58,0,8137,7935
58,0.0001,8141,7935
58,0.001,8176,7935
59,0,8133,8012
59,0.0001,8142,8012
59,0.001,8182,8012
60,0,8080,8020
60,0.0001,8082,8020
60,0.001,8116,8020
61,0,7940,8025
61,0.0001,7944,8025
61,0.001,7980,8025
