from,to,seed,mean_wealth,wealth_gini,permission_wealth_correlation,eventCount
0,0.0001,42,0.7224999999999682,-0.0001347982953716631,-0.0000952576491262732,5
0,0.0001,43,0.07999999999998408,-0.00011234028480044955,0.00007342347306000651,1
0,0.0001,44,0.7256250000000364,-0.00013616954000306158,0.00008092646253288899,5
0,0.0001,45,0.18003906249998636,-0.0001748381760471318,0.00008153795674877007,5
0,0.0001,46,0.29005859374998977,-0.00027776020928271805,0.00008276981225774707,6
0,0.0001,47,0.34937499999995225,-0.00016261246442250687,0.000025352060603597848,7
0,0.0001,48,0.0010937499999954525,-0.000008144910953244988,1.8833408886587133e-7,3
0,0.0001,49,0.683749999999975,-0.00008372758340291497,0.0006631783845308659,5
0,0.0001,50,0.7299999999999898,-0.000482139488926725,0.0002225663957721169,7
0,0.0001,51,0.3199999999999932,-0.000031503966748003265,0.00005405630075957721,1
0,0.0001,52,0.0003125000000068212,-0.0000014729693094128748,9.111545580227712e-8,1
0,0.0001,53,0.2625000000000455,-0.00023519941938232591,0.0001294332721636718,4
0,0.0001,54,0.6612499999999955,-0.0003630465040243003,-0.0003414143933942182,5
0,0.0001,55,0.4606249999999932,-0.00027838096330912165,0.00022871483080097888,5
0,0.0001,56,1.460000000000008,0.000355174391322155,0.000027877466975814724,5
0,0.0001,57,0.12437499999998636,-0.00014107644736638392,0.0000376876815043059,5
0,0.0001,58,0.6439062499999864,-0.000047470509052072174,0.00011232824102598658,4
0,0.0001,59,0.1449999999999818,-0.00017675545470674514,-0.0000188177888733633,9
0,0.0001,60,0.040625000000005684,-0.00008544614323002797,-0.000003368761927850794,2
0,0.0001,61,0.20375000000001364,-0.00020318168491151312,0.00008141814785155715,4
0,0.001,42,3.2476757812499955,-0.0008103049637189219,-0.000016985495020459263,40
0,0.001,43,2.5959814453125034,-0.0015440247253408756,0.0017218796956916397,44
0,0.001,44,3.9498437500000136,-0.0008851471916564435,0.00048619819357728633,34
0,0.001,45,3.080976562499984,-0.0010551831766982822,0.001582323784870894,37
0,0.001,46,2.3433398437499875,-0.0012869072123196101,0.0008151945530055944,43
0,0.001,47,13.444775390624955,-0.0003431190681466578,0.0002866072499676797,43
0,0.001,48,3.4495507812499966,-0.0007990146267178311,0.00036142704203695475,41
0,0.001,49,3.724541015624993,-0.0010473841236828818,0.0013379015601624952,37
0,0.001,50,9.113066406249999,0.00025228428226831134,0.005381708687016241,46
0,0.001,51,2.4042382812500023,-0.0014562884594195857,0.003310141375071159,41
0,0.001,52,14.24019531250002,-0.0003181968001846336,0.0002734406377162017,50
0,0.001,53,22.508593750000045,0.003418264605177468,0.012663119202083635,40
0,0.001,54,32.66863281249999,0.009569924328080237,0.007482884257211678,42
0,0.001,55,11.061572265624989,0.00017466432784241093,0.006579389936032426,41
0,0.001,56,7.980009765624999,0.00115954187090761,0.00608721873672137,51
0,0.001,57,11.536586914062468,-0.00043657711601996496,0.003792806864890211,46
0,0.001,58,7.1883593750000045,-0.0004330374543850546,0.0019335389650966877,39
0,0.001,59,24.432978515624995,0.0012750601382680582,-0.004966120243278097,49
0,0.001,60,1.5002539062499807,-0.001863078101554283,0.0007171805802759917,36
0,0.001,61,4.581113281249998,-0.0011217781003811655,0.0021130890851387488,40
0.0001,0.001,42,2.5251757812500273,-0.0006755066683472588,0.00007827215410581394,35
0.0001,0.001,43,2.5159814453125193,-0.001431684440540426,0.0016484562226316331,43
0.0001,0.001,44,3.2242187499999773,-0.0007489776516533819,0.00040527173104439734,29
0.0001,0.001,45,2.9009374999999977,-0.0008803450006511504,0.001500785828122124,32
0.0001,0.001,46,2.0532812499999977,-0.001009147003036892,0.0007324247407478474,37
0.0001,0.001,47,13.095400390625002,-0.00018050660372415095,0.0002612551893640819,36
0.0001,0.001,48,3.448457031250001,-0.0007908697157645861,0.0003612387079480889,38
0.0001,0.001,49,3.040791015625018,-0.0009636565402799668,0.0006747231756316294,32
0.0001,0.001,50,8.383066406250009,0.0007344237711950363,0.005159142291244124,39
0.0001,0.001,51,2.084238281250009,-0.0014247844926715825,0.0032560850743115818,40
0.0001,0.001,52,14.239882812500014,-0.0003167238308752207,0.0002733495222603994,49
0.0001,0.001,53,22.24609375,0.003653464024559794,0.012533685929919963,36
0.0001,0.001,54,32.0073828125,0.009932970832104537,0.007824298650605896,37
0.0001,0.001,55,10.600947265624995,0.0004530452911515326,0.006350675105231447,36
0.0001,0.001,56,6.520009765624991,0.000804367479585455,0.006059341269745555,46
0.0001,0.001,57,11.412211914062482,-0.00029550066865358104,0.003755119183385905,41
0.0001,0.001,58,6.544453125000018,-0.0003855669453329824,0.0018212107240707012,35
0.0001,0.001,59,24.287978515625014,0.0014518155929748033,-0.004947302454404734,40
0.0001,0.001,60,1.459628906249975,-0.001777631958324255,0.0007205493422038425,34
0.0001,0.001,61,4.377363281249984,-0.0009185964154696524,0.0020316709372871916,36
