bias,seed,mean_wealth,wealth_gini,permission_wealth_correlation,eventCount
0,42,548.954013671875,0.9619764111402846,0.011139889550194222,15895
0,43,186.9584246826172,0.8916493737185542,-0.005659221161370555,16058
0,44,408.12193359375,0.9527727255607732,0.041021882713787504,16143
0,45,252.34934326171876,0.9194897984507717,-0.034586609111083924,15928
0,46,253.20234375,0.9213461894552284,0.01627338186061975,16093
0,47,477.4731561279297,0.9589317333620913,-0.04471292449870582,16052
0,48,220.15658203125,0.9121791221792872,0.01699590419889184,15983
0,49,200.37260375976564,0.8859015906809409,0.04188510983027131,16118
0,50,229.96200805664063,0.9091722285807475,-0.009762713343452394,16105
0,51,159.0760888671875,0.870692528385729,-0.01856677494107022,16110
0,52,376.13244140625,0.9499024089804637,-0.002792729625079429,16074
0,53,258.85943725585935,0.9178203016829609,-0.04660483827939079,16032
0,54,207.12586547851564,0.910688296190157,-0.03115531460149038,16011
0,55,289.59466369628905,0.9214143732542288,-0.007961219974771953,16012
0,56,156.20187622070313,0.8783442048483419,0.019128306241426755,16205
0,57,354.1615335083008,0.9327197774815292,0.044488360077848954,16183
0,58,292.195185546875,0.9263350674231932,0.005577914081465885,16072
0,59,394.11155395507814,0.936970665279341,0.011081138841118372,16145
0,60,217.24982421875,0.9028862977584402,-0.035771418640275436,16100
0,61,234.82451171875,0.9181825188607018,0.032524285566661516,15965
0.0001,42,549.676513671875,0.961841612844913,0.011044631901067949,15900
0.0001,43,187.03842468261718,0.8915370334337538,-0.005585797688310548,16059
0.0001,44,408.84755859375,0.9526365560207701,0.04110280917632039,16148
0.0001,45,252.52938232421874,0.9193149602747246,-0.034505071154335154,15933
0.0001,46,253.49240234375,0.9210684292459457,0.016356151672877496,16099
0.0001,47,477.82253112792966,0.9587691208976687,-0.04468757243810222,16059
0.0001,48,220.15767578125,0.912170977268334,0.016996092532980706,15986
0.0001,49,201.0563537597656,0.885817863097538,0.04254828821480217,16123
0.0001,50,230.69200805664062,0.9086900890918208,-0.009540146947680277,16112
0.0001,51,159.3960888671875,0.870661024418981,-0.018512718640310642,16111
0.0001,52,376.13275390625,0.9499009360111543,-0.002792638509623627,16075
0.0001,53,259.1219372558594,0.9175851022635786,-0.04647540500722712,16036
0.0001,54,207.78711547851563,0.9103252496861327,-0.0314967289948846,16016
0.0001,55,290.05528869628904,0.9211359922909197,-0.007732505143970974,16017
0.0001,56,157.66187622070314,0.878699379239664,0.01915618370840257,16210
0.0001,57,354.2859085083008,0.9325787010341628,0.04452604775935326,16188
0.0001,58,292.839091796875,0.9262875969141411,0.005690242322491872,16076
0.0001,59,394.2565539550781,0.9367939098246343,0.011062321052245009,16154
0.0001,60,217.29044921875,0.9028008516152102,-0.03577478740220329,16102
0.0001,61,235.02826171875,0.9179793371757903,0.032605703714513073,15969
0.001,42,552.201689453125,0.9611661061765657,0.011122904055173763,15935
0.001,43,189.5544061279297,0.8901053489932134,-0.003937341465678915,16102
0.001,44,412.07177734375,0.9518875783691167,0.04150808090736479,16177
0.001,45,255.43031982421874,0.9184346152740734,-0.03300428532621303,15965
0.001,46,255.54568359375,0.9200592822429088,0.017088576413625343,16136
0.001,47,490.91793151855467,0.9585886142939446,-0.04442631724873814,16095
0.001,48,223.6061328125,0.9113801075525694,0.017357331240928794,16024
0.001,49,204.09714477539063,0.884854206557258,0.0432230113904338,16155
0.001,50,239.07507446289063,0.9094245128630158,-0.004381004656436154,16151
0.001,51,161.4803271484375,0.8692362399263094,-0.01525663356599906,16151
0.001,52,390.37263671875,0.9495842121802791,-0.0025192889873632274,16124
0.001,53,281.3680310058594,0.9212385662881384,-0.033941719077307156,16072
0.001,54,239.79449829101563,0.9202582205182372,-0.023672430344278704,16053
0.001,55,300.65623596191404,0.9215890375820712,-0.0013818300387395267,16053
0.001,56,164.18188598632813,0.8795037467192495,0.025215524978148125,16256
0.001,57,365.6981204223633,0.9322832003655093,0.048281166942739165,16229
0.001,58,299.383544921875,0.9259020299688081,0.007511453046562573,16111
0.001,59,418.54453247070313,0.9382457254176091,0.0061150185978402745,16194
0.001,60,218.750078125,0.9010232196568859,-0.035054238059999444,16136
0.001,61,239.405625,0.9170607407603206,0.034637374651800265,16005
